[{"tileID": "0", "posY": "0", "tileSrc": "Basketball_8192x1024_tile_0.yuv", "codHeight": "1024", "orgHeight": "1024", "posX": "0",
  "orgWidth": "8192", "codWidth": "8192", "scheme": "2eq8"},
  {"tileID": "1", "posY": "1024", "tileSrc": "Basketball_1024x1024_tile_1.yuv", "codHeight": "1024", "orgHeight": "1024", "posX": "0",
    "orgWidth": "1024", "codWidth": "1024", "scheme": "2eq8"},
  {"tileID": "2", "posY": "1024", "tileSrc": "Basketball_1024x1024_tile_2.yuv", "codHeight": "1024", "orgHeight": "1024", "posX": "1024",
    "orgWidth": "1024", "codWidth": "1024", "scheme": "2eq8"},
  {"tileID": "3", "posY": "1024", "tileSrc": "Basketball_1024x1024_tile_3.yuv", "codHeight": "1024", "orgHeight": "1024", "posX": "2048",
    "orgWidth": "1024", "codWidth": "1024", "scheme": "2eq8"},
  {"tileID": "4", "posY": "1024", "tileSrc": "Basketball_1024x1024_tile_4.yuv", "codHeight": "1024", "orgHeight": "1024", "posX": "3072",
    "orgWidth": "1024", "codWidth": "1024", "scheme": "2eq8"},
  {"tileID": "5", "posY": "1024", "tileSrc": "Basketball_1024x1024_tile_5.yuv", "codHeight": "1024", "orgHeight": "1024", "posX": "4096",
    "orgWidth": "1024", "codWidth": "1024", "scheme": "2eq8"},
  {"tileID": "6", "posY": "1024", "tileSrc": "Basketball_1024x1024_tile_6.yuv", "codHeight": "1024", "orgHeight": "1024", "posX": "5120",
    "orgWidth": "1024", "codWidth": "1024", "scheme": "2eq8"},
  {"tileID": "7", "posY": "1024", "tileSrc": "Basketball_1024x1024_tile_7.yuv", "codHeight": "1024", "orgHeight": "1024", "posX": "6144",
    "orgWidth": "1024", "codWidth": "1024", "scheme": "2eq8"},
  {"tileID": "8", "posY": "1024", "tileSrc": "Basketball_1024x1024_tile_8.yuv", "codHeight": "1024", "orgHeight": "1024", "posX": "7168",
    "orgWidth": "1024", "codWidth": "1024", "scheme": "2eq8"},
  {"tileID": "9", "posY": "2048", "tileSrc": "Basketball_1024x1024_tile_9.yuv", "codHeight": "1024", "orgHeight": "1024", "posX": "0",
    "orgWidth": "1024", "codWidth": "1024", "scheme": "2eq8"},
  {"tileID": "10", "posY": "2048", "tileSrc": "Basketball_1024x1024_tile_10.yuv", "codHeight": "1024", "orgHeight": "1024", "posX": "1024",
    "orgWidth": "1024", "codWidth": "1024", "scheme": "2eq8"},
  {"tileID": "11", "posY": "2048", "tileSrc": "Basketball_1024x1024_tile_11.yuv", "codHeight": "1024", "orgHeight": "1024", "posX": "2048",
    "orgWidth": "1024", "codWidth": "1024", "scheme": "2eq8"},
  {"tileID": "12", "posY": "2048", "tileSrc": "Basketball_1024x1024_tile_12.yuv", "codHeight": "1024", "orgHeight": "1024", "posX": "3072",
    "orgWidth": "1024", "codWidth": "1024", "scheme": "2eq8"},
  {"tileID": "13", "posY": "2048", "tileSrc": "Basketball_1024x1024_tile_13.yuv", "codHeight": "1024", "orgHeight": "1024", "posX": "4096",
    "orgWidth": "1024", "codWidth": "1024", "scheme": "2eq8"},
  {"tileID": "14", "posY": "2048", "tileSrc": "Basketball_1024x1024_tile_14.yuv", "codHeight": "1024", "orgHeight": "1024", "posX": "5120",
    "orgWidth": "1024", "codWidth": "1024", "scheme": "2eq8"},
  {"tileID": "15", "posY": "2048", "tileSrc": "Basketball_1024x1024_tile_15.yuv", "codHeight": "1024", "orgHeight": "1024", "posX": "6144",
    "orgWidth": "1024", "codWidth": "1024", "scheme": "2eq8"},
  {"tileID": "16", "posY": "2048", "tileSrc": "Basketball_1024x1024_tile_16.yuv", "codHeight": "1024", "orgHeight": "1024", "posX": "7168",
    "orgWidth": "1024", "codWidth": "1024", "scheme": "2eq8"},
  {"tileID": "17", "posY": "3072", "tileSrc": "Basketball_8192x1024_tile_17.yuv", "codHeight": "1024", "orgHeight": "1024", "posX": "0",
    "orgWidth": "8192", "codWidth": "8192", "scheme": "2eq8"}]
