[{"orgHeight": "1024", "posY": "0", "codWidth": "8192", "orgWidth": "8192", "codHeight": "1024", "tileID": "0",
  "tileSrc": "Basketball_8192x1024_tile_0.yuv", "posX": "0", "scheme": "2eq1"},
  {"orgHeight": "1024", "posY": "1024", "codWidth": "8192", "orgWidth": "8192", "codHeight": "1024", "tileID": "1",
    "tileSrc": "Basketball_8192x1024_tile_1.yuv", "posX": "0", "scheme": "2eq1"},
  {"orgHeight": "1024", "posY": "2048", "codWidth": "8192", "orgWidth": "8192", "codHeight": "1024", "tileID": "2",
    "tileSrc": "Basketball_8192x1024_tile_2.yuv", "posX": "0", "scheme": "2eq1"},
  {"orgHeight": "1024", "posY": "3072", "codWidth": "8192", "orgWidth": "8192", "codHeight": "1024", "tileID": "3",
    "tileSrc": "Basketball_8192x1024_tile_3.yuv", "posX": "0", "scheme": "2eq1"}]
