[{"posY": "0", "codHeight": "1024", "tileSrc": "Basketball_8192x1024_tile_0.yuv", "posX": "0", "orgWidth": "8192", "codWidth": "8192",
  "orgHeight": "1024", "tileID": "0", "scheme": "2eq2"},
  {"posY": "1024", "codHeight": "1024", "tileSrc": "Basketball_4096x1024_tile_1.yuv", "posX": "0", "orgWidth": "4096", "codWidth": "4096",
    "orgHeight": "1024", "tileID": "1", "scheme": "2eq2"},
  {"posY": "1024", "codHeight": "1024", "tileSrc": "Basketball_4096x1024_tile_2.yuv", "posX": "4096", "orgWidth": "4096", "codWidth": "4096",
    "orgHeight": "1024", "tileID": "2", "scheme": "2eq2"},
  {"posY": "2048", "codHeight": "1024", "tileSrc": "Basketball_4096x1024_tile_3.yuv", "posX": "0", "orgWidth": "4096", "codWidth": "4096",
    "orgHeight": "1024", "tileID": "3", "scheme": "2eq2"},
  {"posY": "2048", "codHeight": "1024", "tileSrc": "Basketball_4096x1024_tile_4.yuv", "posX": "4096", "orgWidth": "4096", "codWidth": "4096",
    "orgHeight": "1024", "tileID": "4", "scheme": "2eq2"},
  {"posY": "3072", "codHeight": "1024", "tileSrc": "Basketball_8192x1024_tile_5.yuv", "posX": "0", "orgWidth": "8192", "codWidth": "8192",
    "orgHeight": "1024", "tileID": "5", "scheme": "2eq2"}]
