[{"orgWidth": "8192", "orgHeight": "1024", "posY": "0", "codHeight": "1024", "tileSrc": "Basketball_8192x1024_tile_0.yuv", "posX": "0", "tileID": "0", "codWidth": "8192", "scheme": "2eq16"},
  {"orgWidth": "512", "orgHeight": "1024", "posY": "1024", "codHeight": "1024", "tileSrc": "Basketball_512x1024_tile_1.yuv", "posX": "0", "tileID": "1", "codWidth": "512", "scheme": "2eq16"},
  {"orgWidth": "512", "orgHeight": "1024", "posY": "1024", "codHeight": "1024", "tileSrc": "Basketball_512x1024_tile_2.yuv", "posX": "512", "tileID": "2", "codWidth": "512", "scheme": "2eq16"},
  {"orgWidth": "512", "orgHeight": "1024", "posY": "1024", "codHeight": "1024", "tileSrc": "Basketball_512x1024_tile_3.yuv", "posX": "1024", "tileID": "3", "codWidth": "512", "scheme": "2eq16"},
  {"orgWidth": "512", "orgHeight": "1024", "posY": "1024", "codHeight": "1024", "tileSrc": "Basketball_512x1024_tile_4.yuv", "posX": "1536", "tileID": "4", "codWidth": "512", "scheme": "2eq16"},
  {"orgWidth": "512", "orgHeight": "1024", "posY": "1024", "codHeight": "1024", "tileSrc": "Basketball_512x1024_tile_5.yuv", "posX": "2048", "tileID": "5", "codWidth": "512", "scheme": "2eq16"},
  {"orgWidth": "512", "orgHeight": "1024", "posY": "1024", "codHeight": "1024", "tileSrc": "Basketball_512x1024_tile_6.yuv", "posX": "2560", "tileID": "6", "codWidth": "512", "scheme": "2eq16"},
  {"orgWidth": "512", "orgHeight": "1024", "posY": "1024", "codHeight": "1024", "tileSrc": "Basketball_512x1024_tile_7.yuv", "posX": "3072", "tileID": "7", "codWidth": "512", "scheme": "2eq16"},
  {"orgWidth": "512", "orgHeight": "1024", "posY": "1024", "codHeight": "1024", "tileSrc": "Basketball_512x1024_tile_8.yuv", "posX": "3584", "tileID": "8", "codWidth": "512", "scheme": "2eq16"},
  {"orgWidth": "512", "orgHeight": "1024", "posY": "1024", "codHeight": "1024", "tileSrc": "Basketball_512x1024_tile_9.yuv", "posX": "4096", "tileID": "9", "codWidth": "512", "scheme": "2eq16"},
  {"orgWidth": "512", "orgHeight": "1024", "posY": "1024", "codHeight": "1024", "tileSrc": "Basketball_512x1024_tile_10.yuv", "posX": "4608", "tileID": "10", "codWidth": "512", "scheme": "2eq16"},
  {"orgWidth": "512", "orgHeight": "1024", "posY": "1024", "codHeight": "1024", "tileSrc": "Basketball_512x1024_tile_11.yuv", "posX": "5120", "tileID": "11", "codWidth": "512", "scheme": "2eq16"},
  {"orgWidth": "512", "orgHeight": "1024", "posY": "1024", "codHeight": "1024", "tileSrc": "Basketball_512x1024_tile_12.yuv", "posX": "5632", "tileID": "12", "codWidth": "512", "scheme": "2eq16"},
  {"orgWidth": "512", "orgHeight": "1024", "posY": "1024", "codHeight": "1024", "tileSrc": "Basketball_512x1024_tile_13.yuv", "posX": "6144", "tileID": "13", "codWidth": "512", "scheme": "2eq16"},
  {"orgWidth": "512", "orgHeight": "1024", "posY": "1024", "codHeight": "1024", "tileSrc": "Basketball_512x1024_tile_14.yuv", "posX": "6656", "tileID": "14", "codWidth": "512", "scheme": "2eq16"},
  {"orgWidth": "512", "orgHeight": "1024", "posY": "1024", "codHeight": "1024", "tileSrc": "Basketball_512x1024_tile_15.yuv", "posX": "7168", "tileID": "15", "codWidth": "512", "scheme": "2eq16"},
  {"orgWidth": "512", "orgHeight": "1024", "posY": "1024", "codHeight": "1024", "tileSrc": "Basketball_512x1024_tile_16.yuv", "posX": "7680", "tileID": "16", "codWidth": "512", "scheme": "2eq16"},
  {"orgWidth": "512", "orgHeight": "1024", "posY": "2048", "codHeight": "1024", "tileSrc": "Basketball_512x1024_tile_17.yuv", "posX": "0", "tileID": "17", "codWidth": "512", "scheme": "2eq16"},
  {"orgWidth": "512", "orgHeight": "1024", "posY": "2048", "codHeight": "1024", "tileSrc": "Basketball_512x1024_tile_18.yuv", "posX": "512", "tileID": "18", "codWidth": "512", "scheme": "2eq16"},
  {"orgWidth": "512", "orgHeight": "1024", "posY": "2048", "codHeight": "1024", "tileSrc": "Basketball_512x1024_tile_19.yuv", "posX": "1024", "tileID": "19", "codWidth": "512", "scheme": "2eq16"},
  {"orgWidth": "512", "orgHeight": "1024", "posY": "2048", "codHeight": "1024", "tileSrc": "Basketball_512x1024_tile_20.yuv", "posX": "1536", "tileID": "20", "codWidth": "512", "scheme": "2eq16"},
  {"orgWidth": "512", "orgHeight": "1024", "posY": "2048", "codHeight": "1024", "tileSrc": "Basketball_512x1024_tile_21.yuv", "posX": "2048", "tileID": "21", "codWidth": "512", "scheme": "2eq16"},
  {"orgWidth": "512", "orgHeight": "1024", "posY": "2048", "codHeight": "1024", "tileSrc": "Basketball_512x1024_tile_22.yuv", "posX": "2560", "tileID": "22", "codWidth": "512", "scheme": "2eq16"},
  {"orgWidth": "512", "orgHeight": "1024", "posY": "2048", "codHeight": "1024", "tileSrc": "Basketball_512x1024_tile_23.yuv", "posX": "3072", "tileID": "23", "codWidth": "512", "scheme": "2eq16"},
  {"orgWidth": "512", "orgHeight": "1024", "posY": "2048", "codHeight": "1024", "tileSrc": "Basketball_512x1024_tile_24.yuv", "posX": "3584", "tileID": "24", "codWidth": "512", "scheme": "2eq16"},
  {"orgWidth": "512", "orgHeight": "1024", "posY": "2048", "codHeight": "1024", "tileSrc": "Basketball_512x1024_tile_25.yuv", "posX": "4096", "tileID": "25", "codWidth": "512", "scheme": "2eq16"},
  {"orgWidth": "512", "orgHeight": "1024", "posY": "2048", "codHeight": "1024", "tileSrc": "Basketball_512x1024_tile_26.yuv", "posX": "4608", "tileID": "26", "codWidth": "512", "scheme": "2eq16"},
  {"orgWidth": "512", "orgHeight": "1024", "posY": "2048", "codHeight": "1024", "tileSrc": "Basketball_512x1024_tile_27.yuv", "posX": "5120", "tileID": "27", "codWidth": "512", "scheme": "2eq16"},
  {"orgWidth": "512", "orgHeight": "1024", "posY": "2048", "codHeight": "1024", "tileSrc": "Basketball_512x1024_tile_28.yuv", "posX": "5632", "tileID": "28", "codWidth": "512", "scheme": "2eq16"},
  {"orgWidth": "512", "orgHeight": "1024", "posY": "2048", "codHeight": "1024", "tileSrc": "Basketball_512x1024_tile_29.yuv", "posX": "6144", "tileID": "29", "codWidth": "512", "scheme": "2eq16"},
  {"orgWidth": "512", "orgHeight": "1024", "posY": "2048", "codHeight": "1024", "tileSrc": "Basketball_512x1024_tile_30.yuv", "posX": "6656", "tileID": "30", "codWidth": "512", "scheme": "2eq16"},
  {"orgWidth": "512", "orgHeight": "1024", "posY": "2048", "codHeight": "1024", "tileSrc": "Basketball_512x1024_tile_31.yuv", "posX": "7168", "tileID": "31", "codWidth": "512", "scheme": "2eq16"},
  {"orgWidth": "512", "orgHeight": "1024", "posY": "2048", "codHeight": "1024", "tileSrc": "Basketball_512x1024_tile_32.yuv", "posX": "7680", "tileID": "32", "codWidth": "512", "scheme": "2eq16"},
  {"orgWidth": "8192", "orgHeight": "1024", "posY": "3072", "codHeight": "1024", "tileSrc": "Basketball_8192x1024_tile_33.yuv", "posX": "0", "tileID": "33", "codWidth": "8192", "scheme": "2eq16"}]
