[{"posY": "2048", "codHeight": "1024", "tileSrc": "Basketball_4096x1024_tile_3.yuv", "posX": "0", "orgWidth": "4096", "codWidth": "4096", "orgHeight": "1024", "tileID": "3", "scheme": "2eq2"}, {"tileID": "3", "posY": "1024", "tileSrc": "Basketball_2048x1024_tile_3.yuv", "codHeight": "1024", "orgHeight": "1024", "posX": "4096", "orgWidth": "2048", "codWidth": "2048", "scheme": "2eq4"}, {"tileID": "7", "posY": "1024", "tileSrc": "Basketball_1024x1024_tile_7.yuv", "codHeight": "1024", "orgHeight": "1024", "posX": "6144", "orgWidth": "1024", "codWidth": "1024", "scheme": "2eq8"}, {"tileID": "15", "posY": "2048", "tileSrc": "Basketball_1024x1024_tile_15.yuv", "codHeight": "1024", "orgHeight": "1024", "posX": "6144", "orgWidth": "1024", "codWidth": "1024", "scheme": "2eq8"}, {"orgWidth": "512", "orgHeight": "1024", "posY": "1024", "codHeight": "1024", "tileSrc": "Basketball_512x1024_tile_16.yuv", "posX": "7680", "tileID": "16", "codWidth": "512", "scheme": "2eq16"}, {"orgWidth": "512", "orgHeight": "1024", "posY": "2048", "codHeight": "1024", "tileSrc": "Basketball_512x1024_tile_32.yuv", "posX": "7680", "tileID": "32", "codWidth": "512", "scheme": "2eq16"}, {"tileID": "1", "posY": "1024", "tileSrc": "Basketball_2048x1024_tile_1.yuv", "codHeight": "1024", "orgHeight": "1024", "posX": "0", "orgWidth": "2048", "codWidth": "2048", "scheme": "2eq4"}, {"tileID": "2", "posY": "1024", "tileSrc": "Basketball_2048x1024_tile_2.yuv", "codHeight": "1024", "orgHeight": "1024", "posX": "2048", "orgWidth": "2048", "codWidth": "2048", "scheme": "2eq4"}, {"orgWidth": "512", "orgHeight": "1024", "posY": "1024", "codHeight": "1024", "tileSrc": "Basketball_512x1024_tile_15.yuv", "posX": "7168", "tileID": "15", "codWidth": "512", "scheme": "2eq16"}, {"orgWidth": "512", "orgHeight": "1024", "posY": "2048", "codHeight": "1024", "tileSrc": "Basketball_512x1024_tile_31.yuv", "posX": "7168", "tileID": "31", "codWidth": "512", "scheme": "2eq16"}, {"tileID": "13", "posY": "2048", "tileSrc": "Basketball_1024x1024_tile_13.yuv", "codHeight": "1024", "orgHeight": "1024", "posX": "4096", "orgWidth": "1024", "codWidth": "1024", "scheme": "2eq8"}, {"tileID": "14", "posY": "2048", "tileSrc": "Basketball_1024x1024_tile_14.yuv", "codHeight": "1024", "orgHeight": "1024", "posX": "5120", "orgWidth": "1024", "codWidth": "1024", "scheme": "2eq8"}, {"posY": "0", "codHeight": "1024", "tileSrc": "Basketball_8192x1024_tile_0.yuv", "posX": "0", "orgWidth": "8192", "codWidth": "8192", "orgHeight": "1024", "tileID": "0", "scheme": "2eq2"}, {"posY": "3072", "codHeight": "1024", "tileSrc": "Basketball_8192x1024_tile_5.yuv", "posX": "0", "orgWidth": "8192", "codWidth": "8192", "orgHeight": "1024", "tileID": "5", "scheme": "2eq2"}]