[{"posY": "2048", "codHeight": "1024", "tileSrc": "Basketball_4096x1024_tile_4.yuv", "posX": "4096", "orgWidth": "4096", "codWidth": "4096", "orgHeight": "1024", "tileID": "4", "scheme": "2eq2"}, {"tileID": "2", "posY": "1024", "tileSrc": "Basketball_2048x1024_tile_2.yuv", "codHeight": "1024", "orgHeight": "1024", "posX": "2048", "orgWidth": "2048", "codWidth": "2048", "scheme": "2eq4"}, {"tileID": "6", "posY": "2048", "tileSrc": "Basketball_2048x1024_tile_6.yuv", "codHeight": "1024", "orgHeight": "1024", "posX": "2048", "orgWidth": "2048", "codWidth": "2048", "scheme": "2eq4"}, {"tileID": "2", "posY": "1024", "tileSrc": "Basketball_1024x1024_tile_2.yuv", "codHeight": "1024", "orgHeight": "1024", "posX": "1024", "orgWidth": "1024", "codWidth": "1024", "scheme": "2eq8"}, {"orgWidth": "512", "orgHeight": "1024", "posY": "1024", "codHeight": "1024", "tileSrc": "Basketball_512x1024_tile_1.yuv", "posX": "0", "tileID": "1", "codWidth": "512", "scheme": "2eq16"}, {"orgWidth": "512", "orgHeight": "1024", "posY": "2048", "codHeight": "1024", "tileSrc": "Basketball_512x1024_tile_17.yuv", "posX": "0", "tileID": "17", "codWidth": "512", "scheme": "2eq16"}, {"orgWidth": "512", "orgHeight": "1024", "posY": "2048", "codHeight": "1024", "tileSrc": "Basketball_512x1024_tile_19.yuv", "posX": "1024", "tileID": "19", "codWidth": "512", "scheme": "2eq16"}, {"orgWidth": "512", "orgHeight": "1024", "posY": "2048", "codHeight": "1024", "tileSrc": "Basketball_512x1024_tile_20.yuv", "posX": "1536", "tileID": "20", "codWidth": "512", "scheme": "2eq16"}, {"orgWidth": "512", "orgHeight": "1024", "posY": "1024", "codHeight": "1024", "tileSrc": "Basketball_512x1024_tile_2.yuv", "posX": "512", "tileID": "2", "codWidth": "512", "scheme": "2eq16"}, {"orgWidth": "512", "orgHeight": "1024", "posY": "2048", "codHeight": "1024", "tileSrc": "Basketball_512x1024_tile_18.yuv", "posX": "512", "tileID": "18", "codWidth": "512", "scheme": "2eq16"}, {"tileID": "3", "posY": "1024", "tileSrc": "Basketball_2048x1024_tile_3.yuv", "codHeight": "1024", "orgHeight": "1024", "posX": "4096", "orgWidth": "2048", "codWidth": "2048", "scheme": "2eq4"}, {"tileID": "4", "posY": "1024", "tileSrc": "Basketball_2048x1024_tile_4.yuv", "codHeight": "1024", "orgHeight": "1024", "posX": "6144", "orgWidth": "2048", "codWidth": "2048", "scheme": "2eq4"}, {"posY": "0", "codHeight": "1024", "tileSrc": "Basketball_8192x1024_tile_0.yuv", "posX": "0", "orgWidth": "8192", "codWidth": "8192", "orgHeight": "1024", "tileID": "0", "scheme": "2eq2"}, {"posY": "3072", "codHeight": "1024", "tileSrc": "Basketball_8192x1024_tile_5.yuv", "posX": "0", "orgWidth": "8192", "codWidth": "8192", "orgHeight": "1024", "tileID": "5", "scheme": "2eq2"}]