[{"tileID": "2", "posY": "1024", "tileSrc": "Basketball_2048x1024_tile_2.yuv", "codHeight": "1024", "orgHeight": "1024", "posX": "2048", "orgWidth": "2048", "codWidth": "2048", "scheme": "2eq4"}, {"tileID": "6", "posY": "2048", "tileSrc": "Basketball_2048x1024_tile_6.yuv", "codHeight": "1024", "orgHeight": "1024", "posX": "2048", "orgWidth": "2048", "codWidth": "2048", "scheme": "2eq4"}, {"tileID": "2", "posY": "1024", "tileSrc": "Basketball_1024x1024_tile_2.yuv", "codHeight": "1024", "orgHeight": "1024", "posX": "1024", "orgWidth": "1024", "codWidth": "1024", "scheme": "2eq8"}, {"tileID": "10", "posY": "2048", "tileSrc": "Basketball_1024x1024_tile_10.yuv", "codHeight": "1024", "orgHeight": "1024", "posX": "1024", "orgWidth": "1024", "codWidth": "1024", "scheme": "2eq8"}, {"orgWidth": "512", "orgHeight": "1024", "posY": "1024", "codHeight": "1024", "tileSrc": "Basketball_512x1024_tile_1.yuv", "posX": "0", "tileID": "1", "codWidth": "512", "scheme": "2eq16"}, {"orgWidth": "512", "orgHeight": "1024", "posY": "2048", "codHeight": "1024", "tileSrc": "Basketball_512x1024_tile_17.yuv", "posX": "0", "tileID": "17", "codWidth": "512", "scheme": "2eq16"}, {"tileID": "7", "posY": "2048", "tileSrc": "Basketball_2048x1024_tile_7.yuv", "codHeight": "1024", "orgHeight": "1024", "posX": "4096", "orgWidth": "2048", "codWidth": "2048", "scheme": "2eq4"}, {"tileID": "8", "posY": "2048", "tileSrc": "Basketball_2048x1024_tile_8.yuv", "codHeight": "1024", "orgHeight": "1024", "posX": "6144", "orgWidth": "2048", "codWidth": "2048", "scheme": "2eq4"}, {"orgWidth": "512", "orgHeight": "1024", "posY": "1024", "codHeight": "1024", "tileSrc": "Basketball_512x1024_tile_2.yuv", "posX": "512", "tileID": "2", "codWidth": "512", "scheme": "2eq16"}, {"orgWidth": "512", "orgHeight": "1024", "posY": "2048", "codHeight": "1024", "tileSrc": "Basketball_512x1024_tile_18.yuv", "posX": "512", "tileID": "18", "codWidth": "512", "scheme": "2eq16"}, {"tileID": "3", "posY": "1024", "tileSrc": "Basketball_2048x1024_tile_3.yuv", "codHeight": "1024", "orgHeight": "1024", "posX": "4096", "orgWidth": "2048", "codWidth": "2048", "scheme": "2eq4"}, {"tileID": "4", "posY": "1024", "tileSrc": "Basketball_2048x1024_tile_4.yuv", "codHeight": "1024", "orgHeight": "1024", "posX": "6144", "orgWidth": "2048", "codWidth": "2048", "scheme": "2eq4"}, {"tileID": "0", "posY": "0", "tileSrc": "Basketball_8192x1024_tile_0.yuv", "codHeight": "1024", "orgHeight": "1024", "posX": "0", "orgWidth": "8192", "codWidth": "8192", "scheme": "2eq4"}, {"tileID": "9", "posY": "3072", "tileSrc": "Basketball_8192x1024_tile_9.yuv", "codHeight": "1024", "orgHeight": "1024", "posX": "0", "orgWidth": "8192", "codWidth": "8192", "scheme": "2eq4"}]