[{"codHeight": "1024", "tileID": "0", "orgHeight": "1024", "posX": "0", "codWidth": "8192", "posY": "0", "orgWidth": "8192",
  "tileSrc": "Basketball_8192x1024_tile_0.yuv", "scheme": "1eq8"},
  {"codHeight": "2048", "tileID": "1", "orgHeight": "2048", "posX": "0", "codWidth": "1024", "posY": "1024", "orgWidth": "1024",
    "tileSrc": "Basketball_1024x2048_tile_1.yuv", "scheme": "1eq8"},
  {"codHeight": "2048", "tileID": "2", "orgHeight": "2048", "posX": "1024", "codWidth": "1024", "posY": "1024", "orgWidth": "1024",
    "tileSrc": "Basketball_1024x2048_tile_2.yuv", "scheme": "1eq8"},
  {"codHeight": "2048", "tileID": "3", "orgHeight": "2048", "posX": "2048", "codWidth": "1024", "posY": "1024", "orgWidth": "1024",
    "tileSrc": "Basketball_1024x2048_tile_3.yuv", "scheme": "1eq8"},
  {"codHeight": "2048", "tileID": "4", "orgHeight": "2048", "posX": "3072", "codWidth": "1024", "posY": "1024", "orgWidth": "1024",
    "tileSrc": "Basketball_1024x2048_tile_4.yuv", "scheme": "1eq8"},
  {"codHeight": "2048", "tileID": "5", "orgHeight": "2048", "posX": "4096", "codWidth": "1024", "posY": "1024", "orgWidth": "1024",
    "tileSrc": "Basketball_1024x2048_tile_5.yuv", "scheme": "1eq8"},
  {"codHeight": "2048", "tileID": "6", "orgHeight": "2048", "posX": "5120", "codWidth": "1024", "posY": "1024", "orgWidth": "1024",
    "tileSrc": "Basketball_1024x2048_tile_6.yuv", "scheme": "1eq8"},
  {"codHeight": "2048", "tileID": "7", "orgHeight": "2048", "posX": "6144", "codWidth": "1024", "posY": "1024", "orgWidth": "1024",
    "tileSrc": "Basketball_1024x2048_tile_7.yuv", "scheme": "1eq8"},
  {"codHeight": "2048", "tileID": "8", "orgHeight": "2048", "posX": "7168", "codWidth": "1024", "posY": "1024", "orgWidth": "1024",
    "tileSrc": "Basketball_1024x2048_tile_8.yuv", "scheme": "1eq8"},
  {"codHeight": "1024", "tileID": "9", "orgHeight": "1024", "posX": "0", "codWidth": "8192", "posY": "3072", "orgWidth": "8192",
    "tileSrc": "Basketball_8192x1024_tile_9.yuv", "scheme": "1eq8"}]
