[{"orgWidth": "8192", "tileID": "0", "codHeight": "1024", "tileSrc": "Basketball_8192x1024_tile_0.yuv", "codWidth": "8192",
  "orgHeight": "1024", "posX": "0", "posY": "0", "scheme": "1eq16"},
  {"orgWidth": "512", "tileID": "1", "codHeight": "2048", "tileSrc": "Basketball_512x2048_tile_1.yuv", "codWidth": "512",
    "orgHeight": "2048", "posX": "0", "posY": "1024", "scheme": "1eq16"},
  {"orgWidth": "512", "tileID": "2", "codHeight": "2048", "tileSrc": "Basketball_512x2048_tile_2.yuv", "codWidth": "512",
    "orgHeight": "2048", "posX": "512", "posY": "1024", "scheme": "1eq16"},
  {"orgWidth": "512", "tileID": "3", "codHeight": "2048", "tileSrc": "Basketball_512x2048_tile_3.yuv", "codWidth": "512",
    "orgHeight": "2048", "posX": "1024", "posY": "1024", "scheme": "1eq16"},
  {"orgWidth": "512", "tileID": "4", "codHeight": "2048", "tileSrc": "Basketball_512x2048_tile_4.yuv", "codWidth": "512",
    "orgHeight": "2048", "posX": "1536", "posY": "1024", "scheme": "1eq16"},
  {"orgWidth": "512", "tileID": "5", "codHeight": "2048", "tileSrc": "Basketball_512x2048_tile_5.yuv", "codWidth": "512",
    "orgHeight": "2048", "posX": "2048", "posY": "1024", "scheme": "1eq16"},
  {"orgWidth": "512", "tileID": "6", "codHeight": "2048", "tileSrc": "Basketball_512x2048_tile_6.yuv", "codWidth": "512",
    "orgHeight": "2048", "posX": "2560", "posY": "1024", "scheme": "1eq16"},
  {"orgWidth": "512", "tileID": "7", "codHeight": "2048", "tileSrc": "Basketball_512x2048_tile_7.yuv", "codWidth": "512",
    "orgHeight": "2048", "posX": "3072", "posY": "1024", "scheme": "1eq16"},
  {"orgWidth": "512", "tileID": "8", "codHeight": "2048", "tileSrc": "Basketball_512x2048_tile_8.yuv", "codWidth": "512",
    "orgHeight": "2048", "posX": "3584", "posY": "1024", "scheme": "1eq16"},
  {"orgWidth": "512", "tileID": "9", "codHeight": "2048", "tileSrc": "Basketball_512x2048_tile_9.yuv", "codWidth": "512",
    "orgHeight": "2048", "posX": "4096", "posY": "1024", "scheme": "1eq16"},
  {"orgWidth": "512", "tileID": "10", "codHeight": "2048", "tileSrc": "Basketball_512x2048_tile_10.yuv", "codWidth": "512",
    "orgHeight": "2048", "posX": "4608", "posY": "1024", "scheme": "1eq16"},
  {"orgWidth": "512", "tileID": "11", "codHeight": "2048", "tileSrc": "Basketball_512x2048_tile_11.yuv", "codWidth": "512",
    "orgHeight": "2048", "posX": "5120", "posY": "1024", "scheme": "1eq16"},
  {"orgWidth": "512", "tileID": "12", "codHeight": "2048", "tileSrc": "Basketball_512x2048_tile_12.yuv", "codWidth": "512",
    "orgHeight": "2048", "posX": "5632", "posY": "1024", "scheme": "1eq16"},
  {"orgWidth": "512", "tileID": "13", "codHeight": "2048", "tileSrc": "Basketball_512x2048_tile_13.yuv", "codWidth": "512",
    "orgHeight": "2048", "posX": "6144", "posY": "1024", "scheme": "1eq16"},
  {"orgWidth": "512", "tileID": "14", "codHeight": "2048", "tileSrc": "Basketball_512x2048_tile_14.yuv", "codWidth": "512",
    "orgHeight": "2048", "posX": "6656", "posY": "1024", "scheme": "1eq16"},
  {"orgWidth": "512", "tileID": "15", "codHeight": "2048", "tileSrc": "Basketball_512x2048_tile_15.yuv", "codWidth": "512",
    "orgHeight": "2048", "posX": "7168", "posY": "1024", "scheme": "1eq16"},
  {"orgWidth": "512", "tileID": "16", "codHeight": "2048", "tileSrc": "Basketball_512x2048_tile_16.yuv", "codWidth": "512",
    "orgHeight": "2048", "posX": "7680", "posY": "1024", "scheme": "1eq16"},
  {"orgWidth": "8192", "tileID": "17", "codHeight": "1024", "tileSrc": "Basketball_8192x1024_tile_17.yuv", "codWidth": "8192",
    "orgHeight": "1024", "posX": "0", "posY": "3072", "scheme": "1eq16"}]
