[{"orgHeight": "1024", "tileSrc": "Basketball_8192x1024_tile_0.yuv", "orgWidth": "8192", "codWidth": "8192", "tileID": "0", "posY": "0",
  "posX": "0", "codHeight": "1024", "scheme": "1eq4"},
  {"orgHeight": "2048", "tileSrc": "Basketball_2048x2048_tile_1.yuv", "orgWidth": "2048", "codWidth": "2048", "tileID": "1", "posY": "1024",
    "posX": "0", "codHeight": "2048", "scheme": "1eq4"},
  {"orgHeight": "2048", "tileSrc": "Basketball_2048x2048_tile_2.yuv", "orgWidth": "2048", "codWidth": "2048", "tileID": "2", "posY": "1024",
    "posX": "2048", "codHeight": "2048", "scheme": "1eq4"},
  {"orgHeight": "2048", "tileSrc": "Basketball_2048x2048_tile_3.yuv", "orgWidth": "2048", "codWidth": "2048", "tileID": "3", "posY": "1024",
    "posX": "4096", "codHeight": "2048", "scheme": "1eq4"},
  {"orgHeight": "2048", "tileSrc": "Basketball_2048x2048_tile_4.yuv", "orgWidth": "2048", "codWidth": "2048", "tileID": "4", "posY": "1024",
    "posX": "6144", "codHeight": "2048", "scheme": "1eq4"},
  {"orgHeight": "1024", "tileSrc": "Basketball_8192x1024_tile_5.yuv", "orgWidth": "8192", "codWidth": "8192", "tileID": "5", "posY": "3072",
    "posX": "0", "codHeight": "1024", "scheme": "1eq4"}]
