[{"orgWidth": "8192", "posX": "0", "codWidth": "8192", "tileID": "0", "codHeight": "1024", "orgHeight": "1024", "tileSrc": "Basketball_8192x1024_tile_0.yuv", "posY": "0", "scheme": "1eq1"}, {"orgWidth": "8192", "posX": "0", "codWidth": "8192", "tileID": "1", "codHeight": "2048", "orgHeight": "2048",
    "tileSrc": "Basketball_8192x2048_tile_1.yuv", "posY": "1024", "scheme": "1eq1"}, {"orgWidth": "8192", "posX": "0", "codWidth": "8192", "tileID": "2", "codHeight": "1024", "orgHeight": "1024",
     "tileSrc": "Basketball_8192x1024_tile_2.yuv", "posY": "3072", "scheme": "1eq1"}]
