[{"codWidth": "8192", "orgHeight": "1024", "tileSrc": "Basketball_8192x1024_tile_0.yuv", "posX": "0", "tileID": "0",
  "orgWidth": "8192", "codHeight": "1024", "posY": "0", "scheme": "1eq2"},
  {"codWidth": "4096", "orgHeight": "2048", "tileSrc": "Basketball_4096x2048_tile_1.yuv", "posX": "0", "tileID": "1",
    "orgWidth": "4096", "codHeight": "2048", "posY": "1024", "scheme": "1eq2"},
  {"codWidth": "4096", "orgHeight": "2048", "tileSrc": "Basketball_4096x2048_tile_2.yuv", "posX": "4096", "tileID": "2",
    "orgWidth": "4096", "codHeight": "2048", "posY": "1024", "scheme": "1eq2"},
  {"codWidth": "8192", "orgHeight": "1024", "tileSrc": "Basketball_8192x1024_tile_3.yuv", "posX": "0", "tileID": "3",
    "orgWidth": "8192", "codHeight": "1024", "posY": "3072", "scheme": "1eq2"}]
